name,director,cast,description,genre
The Shawshank Redemption,Frank Darabont,"Tim Robbins, Morgan Freeman, Bob Gunton","A banker convicted of uxoricide forms a friendship over a quarter century with a hardened convict, while maintaining his innocence and trying to remain hopeful through simple compassion.",Drama
The Godfather,Francis Ford Coppola,"Mario Puzo, Francis Ford Coppola",The aging patriarch of an organized crime dynasty transfers control of his clandestine empire to his reluctant son.,"Crime, Drama"
The Dark Knight,Christopher Nolan,"Jonathan Nolan, Christopher Nolan, David S. Goyer","When a menace known as the Joker wreaks havoc and chaos on the people of Gotham, Batman, James Gordon and Harvey Dent must work together to put an end to the madness.","Action, Crime, Drama"
The Godfather Part II,Francis Ford Coppola,"Francis Ford Coppola, Mario Puzo","The early life and career of Vito Corleone in 1920s New York City is portrayed, while his son, Michael, expands and tightens his grip on the family crime syndicate.","Crime, Drama"
12 Angry Men,Sidney Lumet,Reginald Rose,The jury in a New York City murder trial is frustrated by a single member whose skeptical caution forces them to more carefully consider the evidence before jumping to a hasty verdict.,"Crime, Drama"
The Lord of the Rings: The Return of the King,Peter Jackson,"J.R.R. Tolkien, Fran Walsh, Philippa Boyens",Gandalf and Aragorn lead the World of Men against Sauron&apos;s army to draw his gaze from Frodo and Sam as they approach Mount Doom with the One Ring.,"Action, Adventure, Drama"
Schindler&apos;s List,Steven Spielberg,"Liam Neeson, Ralph Fiennes, Ben Kingsley","In German-occupied Poland during World War II, industrialist Oskar Schindler gradually becomes concerned for his Jewish workforce after witnessing their persecution by the Nazis.","Biography, Drama, History"
Pulp Fiction,Quentin Tarantino,"Quentin Tarantino, Roger Avary","The lives of two mob hitmen, a boxer, a gangster and his wife, and a pair of diner bandits intertwine in four tales of violence and redemption.","Crime, Drama"
The Lord of the Rings: The Fellowship of the Ring,Peter Jackson,"J.R.R. Tolkien, Fran Walsh, Philippa Boyens",A meek Hobbit from the Shire and eight companions set out on a journey to destroy the powerful One Ring and save Middle-earth from the Dark Lord Sauron.,"Action, Adventure, Drama"
"Il buono, il brutto, il cattivo",Sergio Leone,"Luciano Vincenzoni, Sergio Leone, Agenore Incrocci",A bounty hunting scam joins two men in an uneasy alliance against a third in a race to find a fortune in gold buried in a remote cemetery.,"Adventure, Drama, Western"
Forrest Gump,Robert Zemeckis,"Tom Hanks, Robin Wright, Gary Sinise","The history of the United States from the 1950s to the &apos;70s unfolds from the perspective of an Alabama man with an IQ of 75, who yearns to be reunited with his childhood sweetheart.","Drama, Romance"
The Lord of the Rings: The Two Towers,Peter Jackson,"J.R.R. Tolkien, Fran Walsh, Philippa Boyens","While Frodo and Sam edge closer to Mordor with the help of the shifty Gollum, the divided fellowship makes a stand against Sauron&apos;s new ally, Saruman, and his hordes of Isengard.","Action, Adventure, Drama"
Fight Club,David Fincher,"Brad Pitt, Edward Norton, Meat Loaf",An insomniac office worker and a devil-may-care soap maker form an underground fight club that evolves into much more.,Drama
Inception,Christopher Nolan,"Leonardo DiCaprio, Joseph Gordon-Levitt, Elliot Page","A thief who steals corporate secrets through the use of dream-sharing technology is given the inverse task of planting an idea into the mind of a C.E.O., but his tragic past may doom the project and his team to disaster.","Action, Adventure, Sci-Fi"
Star Wars: Episode V - The Empire Strikes Back,Irvin Kershner,"Mark Hamill, Harrison Ford, Carrie Fisher","After the Empire overpowers the Rebel Alliance, Luke Skywalker begins his Jedi training with Yoda. At the same time, Darth Vader and bounty hunter Boba Fett pursue his friends across the galaxy.","Action, Adventure, Fantasy"
The Matrix,Lana Wachowski,"Keanu Reeves, Laurence Fishburne, Carrie-Anne Moss","When a beautiful stranger leads computer hacker Neo to a forbidding underworld, he discovers the shocking truth--the life he knows is the elaborate deception of an evil cyber-intelligence.","Action, Sci-Fi"
Goodfellas,Martin Scorsese,"Nicholas Pileggi, Martin Scorsese","The story of Henry Hill and his life in the mafia, covering his relationship with his wife Karen and his mob partners Jimmy Conway and Tommy DeVito.","Biography, Crime, Drama"
One Flew Over the Cuckoo&apos;s Nest,Milos Forman,"Lawrence Hauben, Bo Goldman, Ken Kesey","In the Fall of 1963, a Korean War veteran and criminal pleads insanity and is admitted to a mental institution, where he rallies up the scared patients against the tyrannical nurse.",Drama
Interstellar,Christopher Nolan,"Matthew McConaughey, Anne Hathaway, Jessica Chastain","When Earth becomes uninhabitable in the future, a farmer and ex-NASA pilot, Joseph Cooper, is tasked to pilot a spacecraft, along with a team of researchers, to find a new planet for humans.","Adventure, Drama, Sci-Fi"
Se7en,David Fincher,"Morgan Freeman, Brad Pitt, Kevin Spacey","Two detectives, a rookie and a veteran, hunt a serial killer who uses the seven deadly sins as his motives.","Crime, Drama, Mystery"
It&apos;s a Wonderful Life,Frank Capra,"Frances Goodrich, Albert Hackett, Frank Capra",An angel is sent from Heaven to help a desperately frustrated businessman by showing him what life would have been like if he had never existed.,"Drama, Family, Fantasy"
Shichinin no samurai,Akira Kurosawa,"Toshirô Mifune, Takashi Shimura, Keiko Tsushima","Farmers from a village exploited by bandits hire a veteran samurai for protection, who gathers six other samurai to join him.","Action, Drama"
The Silence of the Lambs,Jonathan Demme,"Jodie Foster, Anthony Hopkins, Scott Glenn","A young F.B.I. cadet must receive the help of an incarcerated and manipulative cannibal killer to help catch another serial killer, a madman who skins his victims.","Crime, Drama, Thriller"
Saving Private Ryan,Steven Spielberg,"Tom Hanks, Matt Damon, Tom Sizemore","Following the Normandy Landings, a group of U.S. soldiers go behind enemy lines to retrieve a paratrooper whose brothers have been killed in action.","Drama, War"
Cidade de Deus,Fernando Meirelles,"Alexandre Rodrigues, Leandro Firmino, Matheus Nachtergaele","In the slums of Rio, two kids&apos; paths diverge as one struggles to become a photographer and the other a kingpin.","Crime, Drama"
La vita è bella,Roberto Benigni,"Vincenzo Cerami, Roberto Benigni","When an open-minded Jewish waiter and his son become victims of the Holocaust, he uses a perfect mixture of will, humor and imagination to protect his son from the dangers around their camp.","Comedy, Drama, Romance"
The Green Mile,Frank Darabont,"Tom Hanks, Michael Clarke Duncan, David Morse","A tale set on death row, where gentle giant John Coffey possesses the mysterious power to heal people&apos;s ailments. When the lead guard, Paul Edgecombe, recognizes John&apos;s gift, he tries to help stave off the condemned man&apos;s execution.","Crime, Drama, Fantasy"
Terminator 2: Judgment Day,James Cameron,"Arnold Schwarzenegger, Linda Hamilton, Edward Furlong","A cyborg, identical to the one who failed to kill Sarah Connor, must now protect her ten year old son John from an even more advanced and powerful cyborg.","Action, Adventure, Sci-Fi"
Star Wars,George Lucas,"Mark Hamill, Harrison Ford, Carrie Fisher","Luke Skywalker joins forces with a Jedi Knight, a cocky pilot, a Wookiee and two droids to save the galaxy from the Empire&apos;s world-destroying battle station, while also attempting to rescue Princess Leia from the mysterious Darth ...","Action, Adventure, Fantasy"
Back to the Future,Robert Zemeckis,"Michael J. Fox, Christopher Lloyd, Lea Thompson","Marty McFly, a 17-year-old high school student, is accidentally sent 30 years into the past in a time-traveling DeLorean invented by his close friend, the maverick scientist Doc Brown.","Adventure, Comedy, Sci-Fi"
Sen to Chihiro no kamikakushi,Hayao Miyazaki,Hayao Miyazaki,"During her family&apos;s move to the suburbs, a sullen 10-year-old girl wanders into a world ruled by gods, witches and spirits, and where humans are changed into beasts.","Animation, Adventure, Family"
The Pianist,Roman Polanski,"Adrien Brody, Thomas Kretschmann, Frank Finlay","During WWII, acclaimed Polish musician Wladyslaw faces various struggles as he loses contact with his family. As the situation worsens, he hides in the ruins of Warsaw in order to survive.","Biography, Drama, Music"
Gisaengchung,Bong Joon Ho,"Bong Joon Ho, Han Jin-won",Greed and class discrimination threaten the newly formed symbiotic relationship between the wealthy Park family and the destitute Kim clan.,"Drama, Thriller"
Psycho,Alfred Hitchcock,"Anthony Perkins, Janet Leigh, Vera Miles",A secretary on the run for embezzlement takes refuge at a secluded California motel owned by a repressed man and his overbearing mother.,"Horror, Mystery, Thriller"
Gladiator,Ridley Scott,"David Franzoni, John Logan, William Nicholson",A former Roman General sets out to exact vengeance against the corrupt emperor who murdered his family and sent him into slavery.,"Action, Adventure, Drama"
The Lion King,Roger Allers,"Irene Mecchi, Jonathan Roberts, Linda Woolverton","Lion prince Simba and his father are targeted by his bitter uncle, who wants to ascend the throne himself.","Animation, Adventure, Drama"
Spider-Man: Across the Spider-Verse,Joaquim Dos Santos,"Shameik Moore, Hailee Steinfeld, Brian Tyree Henry","Miles Morales catapults across the multiverse, where he encounters a team of Spider-People charged with protecting its very existence. When the heroes clash on how to handle a new threat, Miles must redefine what it means to be a ...","Animation, Action, Adventure"
The Departed,Martin Scorsese,"Leonardo DiCaprio, Matt Damon, Jack Nicholson",An undercover cop and a mole in the police attempt to identify each other while infiltrating an Irish gang in South Boston.,"Crime, Drama, Thriller"
Whiplash,Damien Chazelle,"Miles Teller, J.K. Simmons, Melissa Benoist",A promising young drummer enrolls at a cut-throat music conservatory where his dreams of greatness are mentored by an instructor who will stop at nothing to realize a student&apos;s potential.,"Drama, Music"
American History X,Tony Kaye,"Edward Norton, Edward Furlong, Beverly D'Angelo","Living a life marked by violence, neo-Nazi Derek finally goes to prison after killing two black youths. Upon his release, Derek vows to change; he hopes to prevent his brother, Danny, who idolizes Derek, from following in his foot...","Crime, Drama"
Hotaru no haka,Isao Takahata,"Tsutomu Tatsumi, Ayano Shiraishi, Akemi Yamaguchi",A young boy and his little sister struggle to survive in Japan during World War II.,"Animation, Drama, War"
Léon,Luc Besson,"Jean Reno, Gary Oldman, Natalie Portman","12-year-old Mathilda is reluctantly taken in by Léon, a professional assassin, after her family is murdered. An unusual relationship forms as she becomes his protégée and learns the assassin&apos;s trade.","Action, Crime, Drama"
The Prestige,Christopher Nolan,"Christian Bale, Hugh Jackman, Scarlett Johansson","After a tragic accident, two stage magicians in 1890s London engage in a battle to create the ultimate illusion while sacrificing everything they have to outwit each other.","Drama, Mystery, Sci-Fi"
Seppuku,Masaki Kobayashi,"Tatsuya Nakadai, Akira Ishihama, Shima Iwashita","When a ronin requesting seppuku at a feudal lord&apos;s palace is told of the brutal suicide of another ronin who previously visited, he reveals how their pasts are intertwined - and in doing so challenges the clan&apos;s integrity.","Action, Drama, Mystery"
The Usual Suspects,Bryan Singer,"Kevin Spacey, Gabriel Byrne, Chazz Palminteri",The sole survivor of a pier shoot-out tells the story of how a notorious criminal influenced the events that began with five criminals meeting in a seemingly random police lineup.,"Crime, Drama, Mystery"
Casablanca,Michael Curtiz,"Julius J. Epstein, Howard Koch, Murray Burnett",A cynical expatriate American cafe owner struggles to decide whether or not to help his former lover and her fugitive husband escape the Nazis in French Morocco.,"Drama, Romance, War"
Dune: Part Two,Denis Villeneuve,"Timothée Chalamet, Zendaya, Rebecca Ferguson",Paul Atreides unites with Chani and the Fremen while seeking revenge against the conspirators who destroyed his family.,"Action, Adventure, Drama"
Intouchables,Olivier Nakache,"François Cluzet, Omar Sy, Anne Le Ny","After he becomes a quadriplegic from a paragliding accident, an aristocrat hires a young man from the projects to be his caregiver.","Comedy, Drama"
Nuovo Cinema Paradiso,Giuseppe Tornatore,"Giuseppe Tornatore, Vanna Paoli","Salvatore, a famous film director, returns to his hometown for the funeral of the local theater&apos;s film projectionist, Alfredo. He reminisces about his life as a young boy falling in love with cinema.","Drama, Romance"
Modern Times,Charles Chaplin,"Charles Chaplin, Paulette Goddard, Henry Bergman",The Tramp struggles to live in modern industrial society with the help of a young homeless woman.,"Comedy, Drama, Romance"
Alien,Ridley Scott,"Dan O'Bannon, Ronald Shusett","After investigating a mysterious transmission of unknown origin, the crew of a commercial spacecraft encounters a deadly lifeform.","Horror, Sci-Fi"
Rear Window,Alfred Hitchcock,"James Stewart, Grace Kelly, Wendell Corey",A bored photographer recovering from a broken leg passes the time by watching his neighbors and begins to suspect one of them of murder.,"Mystery, Thriller"
C&apos;era una volta il West,Sergio Leone,"Sergio Donati, Sergio Leone, Dario Argento",A mysterious stranger with a harmonica joins forces with a notorious desperado to protect a beautiful widow from a ruthless assassin working for the railroad.,"Drama, Western"
Django Unchained,Quentin Tarantino,"Jamie Foxx, Christoph Waltz, Leonardo DiCaprio","With the help of a German bounty-hunter, a freed slave sets out to rescue his wife from a brutal plantation owner in Mississippi.","Comedy, Drama, Western"
City Lights,Charles Chaplin,"Charles Chaplin, Virginia Cherrill, Florence Lee","With the aid of a wealthy erratic tippler, a dewy-eyed tramp who has fallen in love with a sightless flower girl accumulates money to be able to help her medically.","Comedy, Drama, Romance"
Apocalypse Now,Francis Ford Coppola,"John Milius, Francis Ford Coppola, Michael Herr",A U.S. Army officer serving in Vietnam is tasked with assassinating a renegade Special Forces Colonel who sees himself as a god.,"Drama, Mystery, War"
Memento,Christopher Nolan,"Guy Pearce, Carrie-Anne Moss, Joe Pantoliano","Leonard Shelby, an insurance investigator, suffers from anterograde amnesia and uses notes and tattoos to hunt for the man he thinks killed his wife, which is the last thing he remembers.","Mystery, Thriller"
WALL·E,Andrew Stanton,"Andrew Stanton, Pete Docter, Jim Reardon","A robot who is responsible for cleaning a waste-covered Earth meets another robot and falls in love with her. Together, they set out on a journey that will alter the fate of mankind.","Animation, Adventure, Family"
Raiders of the Lost Ark,Steven Spielberg,"Harrison Ford, Karen Allen, Paul Freeman","In 1936, archaeologists and adventurers of the U.S. government hired Indiana Jones to find the Ark of the Covenant before the Nazis could obtain its extraordinary powers.","Action, Adventure"
12th Fail,Vidhu Vinod Chopra,"Vidhu Vinod Chopra, Jaskunwar Kohli, Anurag Pathak",The real-life story of IPS Officer Manoj Kumar Sharma and IRS Officer Shraddha Joshi.,"Biography, Drama"
Das Leben der Anderen,Florian Henckel von Donnersmarck,"Ulrich Mühe, Martina Gedeck, Sebastian Koch","In 1984 East Berlin, an agent of the secret police conducting surveillance on a writer and his lover finds himself becoming increasingly absorbed by their lives.","Drama, Mystery, Thriller"
Sunset Blvd.,Billy Wilder,"William Holden, Gloria Swanson, Erich von Stroheim",A screenwriter develops a dangerous relationship with a faded film star determined to make a triumphant return.,"Drama, Film-Noir"
Avengers: Infinity War,Anthony Russo,"Christopher Markus, Stephen McFeely, Stan Lee",The Avengers and their allies must be willing to sacrifice all in an attempt to defeat the powerful Thanos before his blitz of devastation and ruin puts an end to the universe.,"Action, Adventure, Sci-Fi"
Paths of Glory,Stanley Kubrick,"Stanley Kubrick, Calder Willingham, Jim Thompson",A colonel defends three of his soldiers in a court-martial after they abandon a suicidal attack.,"Drama, War"
Spider-Man: Into the Spider-Verse,Bob Persichetti,"Phil Lord, Rodney Rothman",Teen Miles Morales becomes the Spider-Man of his universe and must join with five spider-powered individuals from other dimensions to stop a threat for all realities.,"Animation, Action, Adventure"
Witness for the Prosecution,Billy Wilder,"Agatha Christie, Billy Wilder, Harry Kurnitz",A veteran British barrister must defend his client in a murder trial that has surprise after surprise.,"Crime, Drama, Mystery"
The Shining,Stanley Kubrick,"Jack Nicholson, Shelley Duvall, Danny Lloyd","A family heads to an isolated hotel for the winter, where a sinister presence influences the father into violence. At the same time, his psychic son sees horrifying forebodings from both the past and the future.","Drama, Horror"
The Great Dictator,Charles Chaplin,"Charles Chaplin, Paulette Goddard, Jack Oakie",Dictator Adenoid Hynkel tries to expand his empire while a poor Jewish barber tries to avoid persecution from Hynkel&apos;s regime.,"Comedy, Drama, War"
Aliens,James Cameron,"James Cameron, David Giler, Walter Hill","Decades after surviving the Nostromo incident, Ellen Ripley is sent out to re-establish contact with a terraforming colony but finds herself battling the Alien Queen and her offspring.","Action, Adventure, Sci-Fi"
Inglourious Basterds,Quentin Tarantino,"Brad Pitt, Diane Kruger, Eli Roth","In Nazi-occupied France during World War II, a plan to assassinate Nazi leaders by a group of Jewish U.S. soldiers coincides with a theatre owner&apos;s vengeful plans for the same.","Adventure, Drama, War"
The Dark Knight Rises,Christopher Nolan,"Jonathan Nolan, Christopher Nolan, David S. Goyer","Bane, an imposing terrorist, attacks Gotham City and disrupts its eight-year-long period of peace. This forces Bruce Wayne to come out of hiding and don the cape and cowl of Batman again.","Action, Drama, Thriller"
Coco,Lee Unkrich,"Lee Unkrich, Jason Katz, Matthew Aldrich","Aspiring musician Miguel, confronted with his family&apos;s ancestral ban on music, enters the Land of the Dead to find his great-great-grandfather, a legendary singer.","Animation, Adventure, Drama"
Amadeus,Milos Forman,"Peter Shaffer, Zdenek Mahler","The life, success and troubles of Wolfgang Amadeus Mozart, as told by Antonio Salieri, the contemporaneous composer who was deeply jealous of Mozart&apos;s talent and claimed to have murdered him.","Biography, Drama, Music"
Toy Story,John Lasseter,"John Lasseter, Pete Docter, Andrew Stanton",A cowboy doll is profoundly threatened and jealous when a new spaceman action figure supplants him as top toy in a boy&apos;s bedroom.,"Animation, Adventure, Comedy"
Dr. Strangelove or: How I Learned to Stop Worrying and Love the Bomb,Stanley Kubrick,"Stanley Kubrick, Terry Southern, Peter George","An unhinged American general orders a bombing attack on the Soviet Union, triggering a path to nuclear holocaust that a war room full of politicians and generals frantically tries to stop.","Comedy, War"
Oldeuboi,Park Chan-wook,"Garon Tsuchiya, Nobuaki Minegishi, Park Chan-wook","After being kidnapped and imprisoned for fifteen years, Oh Dae-Su is released, only to find that he must track down his captor in five days.","Action, Drama, Mystery"
American Beauty,Sam Mendes,"Kevin Spacey, Annette Bening, Thora Birch",A sexually frustrated suburban father has a mid-life crisis after becoming infatuated with his daughter&apos;s best friend.,Drama
Avengers: Endgame,Anthony Russo,"Christopher Markus, Stephen McFeely, Stan Lee","After the devastating events of Avengers: Infinity War (2018), the universe is in ruins. With the help of remaining allies, the Avengers assemble once more in order to reverse Thanos&apos; actions and restore balance to the universe.","Action, Adventure, Drama"
Das Boot,Wolfgang Petersen,"Jürgen Prochnow, Herbert Grönemeyer, Klaus Wennemann",A German U-boat stalks the frigid waters of the North Atlantic as its young crew experience the sheer terror and claustrophobic life of a submariner in World War II.,"Drama, War"
Braveheart,Mel Gibson,"Mel Gibson, Sophie Marceau, Patrick McGoohan",Scottish warrior William Wallace leads his countrymen in a rebellion to free his homeland from the tyranny of King Edward I of England.,"Biography, Drama, War"
Good Will Hunting,Gus Van Sant,"Robin Williams, Matt Damon, Ben Affleck","Will Hunting, a janitor at MIT, has a gift for mathematics, but needs help from a psychologist to find direction in his life.","Drama, Romance"
Mononoke-hime,Hayao Miyazaki,Hayao Miyazaki,"On a journey to find the cure for a Tatarigami&apos;s curse, Ashitaka finds himself in the middle of a war between the forest gods and Tatara, a mining colony. In this quest he also meets San, the Mononoke Hime.","Animation, Action, Adventure"
Kimi no na wa.,Makoto Shinkai,Makoto Shinkai,"Two teenagers share a profound, magical connection upon discovering they are swapping bodies. Things manage to become even more complicated when the boy and girl decide to meet in person.","Animation, Drama, Fantasy"
Joker,Todd Phillips,"Todd Phillips, Scott Silver, Bob Kane","Arthur Fleck, a party clown and a failed stand-up comedian, leads an impoverished life with his ailing mother. However, when society shuns him and brands him as a freak, he decides to embrace the life of chaos in Gotham City.","Crime, Drama, Thriller"
Tengoku to jigoku,Akira Kurosawa,"Hideo Oguni, Ryûzô Kikushima, Eijirô Hisaita",An executive of a Yokohama shoe company becomes a victim of extortion when his chauffeur&apos;s son is kidnapped by mistake and held for ransom.,"Crime, Drama, Mystery"
3 Idiots,Rajkumar Hirani,"Abhijat Joshi, Rajkumar Hirani, Vidhu Vinod Chopra","Two friends are searching for their long lost companion. They revisit their college days and recall the memories of their friend who inspired them to think differently, even as the rest of the world called them &quot;idiots&quot;.","Comedy, Drama"
Once Upon a Time in America,Sergio Leone,"Harry Grey, Leonardo Benvenuti, Piero De Bernardi","A former Prohibition-era Jewish gangster returns to the Lower East Side of Manhattan 35 years later, where he must once again confront the ghosts and regrets of his old life.","Crime, Drama"
Singin&apos; in the Rain,Stanley Donen,"Gene Kelly, Donald O'Connor, Debbie Reynolds",A silent film star falls for a chorus girl just as he and his delusionally jealous screen partner are trying to make the difficult transition to talking pictures in 1920s Hollywood.,"Comedy, Musical, Romance"
Capharnaüm,Nadine Labaki,"Nadine Labaki, Jihad Hojeily, Michelle Keserwany","While serving a five-year sentence for a violent crime, a 12-year-old boy sues his parents for neglect.",Drama
Idi i smotri,Elem Klimov,"Ales Adamovich, Elem Klimov","After finding an old rifle, a young boy joins the Soviet resistance movement against ruthless German forces and experiences the horrors of World War II.","Drama, Thriller, War"
Requiem for a Dream,Darren Aronofsky,"Hubert Selby Jr., Darren Aronofsky",The drug-induced utopias of four Coney Island people are shattered when their addictions run deep.,Drama
Toy Story 3,Lee Unkrich,"John Lasseter, Andrew Stanton, Lee Unkrich","The toys are mistakenly delivered to a day-care center instead of the attic right before Andy leaves for college, and it&apos;s up to Woody to convince the other toys that they weren&apos;t abandoned and to return home.","Animation, Adventure, Comedy"
Star Wars: Episode VI - Return of the Jedi,Richard Marquand,"Lawrence Kasdan, George Lucas","After rescuing Han Solo from Jabba the Hutt, the Rebel Alliance attempts to destroy the second Death Star while Luke struggles to help Darth Vader back from the dark side.","Action, Adventure, Fantasy"
Jagten,Thomas Vinterberg,"Mads Mikkelsen, Thomas Bo Larsen, Annika Wedderkopp","A teacher lives a lonely life, all the while struggling over his son&apos;s custody. His life slowly gets better as he finds love and receives good news from his son, but his new luck is about to be brutally shattered by an innocent li...",Drama
Eternal Sunshine of the Spotless Mind,Michel Gondry,"Charlie Kaufman, Michel Gondry, Pierre Bismuth","When their relationship turns sour, a couple undergoes a medical procedure to have each other erased from their memories forever.","Drama, Romance, Sci-Fi"
2001: A Space Odyssey,Stanley Kubrick,"Stanley Kubrick, Arthur C. Clarke","When a mysterious artifact is uncovered on the Moon, a spacecraft manned by two humans and one supercomputer is sent to Jupiter to find its origins.","Adventure, Sci-Fi"
Ikiru,Akira Kurosawa,"Takashi Shimura, Nobuo Kaneko, Shin'ichi Himori",A bureaucrat tries to find meaning in his life after he discovers he has terminal cancer.,Drama
Reservoir Dogs,Quentin Tarantino,"Quentin Tarantino, Roger Avary","When a simple jewelry heist goes horribly wrong, the surviving criminals begin to suspect that one of them is a police informant.","Crime, Thriller"
Lawrence of Arabia,David Lean,"Peter O'Toole, Alec Guinness, Anthony Quinn","The story of T.E. Lawrence, the English officer who successfully united and led the diverse, often warring, Arab tribes during World War I in order to fight the Turks.","Adventure, Biography, Drama"
The Apartment,Billy Wilder,"Jack Lemmon, Shirley MacLaine, Fred MacMurray","A Manhattan insurance clerk tries to rise in his company by letting its executives use his apartment for trysts, but office politics and his own romantic hopes complicate matters.","Comedy, Drama, Romance"
Incendies,Denis Villeneuve,"Wajdi Mouawad, Denis Villeneuve, Valérie Beaugrand-Champagne",Twins journey to the Middle East to discover their family history and fulfill their mother&apos;s last wishes.,"Drama, Mystery, War"
Scarface,Brian De Palma,"Oliver Stone, Howard Hawks, Ben Hecht","Miami in the 1980s: a determined criminal-minded Cuban immigrant becomes the biggest drug smuggler in Florida, and is eventually undone by his own drug addiction.","Crime, Drama"
North by Northwest,Alfred Hitchcock,"Cary Grant, Eva Marie Saint, James Mason","A New York City advertising executive goes on the run after being mistaken for a government agent by a group of foreign spies, and falls for a woman whose loyalties he begins to doubt.","Action, Adventure, Mystery"
Double Indemnity,Billy Wilder,"Billy Wilder, Raymond Chandler, James M. Cain","A Los Angeles insurance representative is seduced by an alluring housewife into a scheme of insurance fraud and murder that arouses the suspicion of his colleague, a claims investigator.","Crime, Drama, Film-Noir"
Citizen Kane,Orson Welles,"Herman J. Mankiewicz, Orson Welles, John Houseman","Following the death of publishing tycoon Charles Foster Kane, reporters scramble to uncover the meaning of his final utterance: &apos;Rosebud.&apos;","Drama, Mystery"
Oppenheimer,Christopher Nolan,"Cillian Murphy, Emily Blunt, Matt Damon",The story of American scientist J. Robert Oppenheimer and his role in the development of the atomic bomb.,"Biography, Drama, History"
M - Eine Stadt sucht einen Mörder,Fritz Lang,"Peter Lorre, Ellen Widmann, Inge Landgut","When the police in a German city are unable to catch a child-murderer, other criminals join in the manhunt.","Crime, Mystery, Thriller"
Vertigo,Alfred Hitchcock,"Alec Coppel, Samuel A. Taylor, Pierre Boileau","A former San Francisco police detective juggles wrestling with his personal demons and becoming obsessed with the hauntingly beautiful woman he has been hired to trail, who may be deeply disturbed.","Mystery, Romance, Thriller"
Heat,Michael Mann,"Al Pacino, Robert De Niro, Val Kilmer",A group of high-end professional thieves start to feel the heat from the LAPD when they unknowingly leave a verbal clue at their latest heist.,"Action, Crime, Drama"
Full Metal Jacket,Stanley Kubrick,"Stanley Kubrick, Michael Herr, Gustav Hasford",A pragmatic U.S. Marine observes the dehumanizing effects the Vietnam War has on his fellow recruits from their brutal boot camp training to the bloody street fighting in Hue.,"Drama, War"
Le fabuleux destin d&apos;Amélie Poulain,Jean-Pierre Jeunet,"Guillaume Laurant, Jean-Pierre Jeunet","Despite being caught in her imaginative world, Amelie, a young waitress, decides to help people find happiness. Her quest to spread joy leads her on a journey where she finds true love.","Comedy, Romance"
Up,Pete Docter,"Pete Docter, Bob Peterson, Tom McCarthy","78-year-old Carl Fredricksen travels to South America in his house equipped with balloons, inadvertently taking a young stowaway.","Animation, Adventure, Comedy"
A Clockwork Orange,Stanley Kubrick,"Malcolm McDowell, Patrick Magee, Michael Bates",Alex DeLarge and his droogs barbarize a decaying near-future.,"Crime, Sci-Fi"
To Kill a Mockingbird,Robert Mulligan,"Gregory Peck, John Megna, Frank Overton","Atticus Finch, a widowed lawyer in Depression-era Alabama, defends a Black man against an undeserved rape charge, and tries to educate his young children against prejudice.","Crime, Drama"
Jodaeiye Nader az Simin,Asghar Farhadi,"Payman Maadi, Leila Hatami, Sareh Bayat",A married couple are faced with a difficult decision - to improve the life of their child by moving to another country or to stay in Iran and look after a deteriorating parent who has Alzheimer&apos;s disease.,Drama
The Sting,George Roy Hill,"Paul Newman, Robert Redford, Robert Shaw",Two grifters team up to pull off the ultimate con.,"Comedy, Crime, Drama"
Die Hard,John McTiernan,"Bruce Willis, Alan Rickman, Bonnie Bedelia",A New York City police officer tries to save his estranged wife and several others taken hostage by terrorists during a Christmas party at the Nakatomi Plaza in Los Angeles.,"Action, Thriller"
Indiana Jones and the Last Crusade,Steven Spielberg,"Jeffrey Boam, George Lucas, Menno Meyjes","In 1938, after his father goes missing while pursuing the Holy Grail, Indiana Jones finds himself up against the Nazis again to stop them from obtaining its powers.","Action, Adventure"
Taare Zameen Par,Aamir Khan,"Darsheel Safary, Aamir Khan, Tisca Chopra","An eight-year-old boy is thought to be a lazy trouble-maker, until the new art teacher has the patience and compassion to discover the real problem behind his struggles in school.","Drama, Family"
Metropolis,Fritz Lang,"Thea von Harbou, Fritz Lang","In a futuristic city sharply divided between the working class and the city planners, the son of the city&apos;s mastermind falls in love with a working-class prophet who predicts the coming of a savior to mediate their differences.","Drama, Sci-Fi"
Snatch,Guy Ritchie,"Jason Statham, Brad Pitt, Stephen Graham","Unscrupulous boxing promoters, violent bookmakers, a Russian gangster, incompetent amateur robbers and supposedly Jewish jewelers fight to track down a priceless stolen diamond.","Comedy, Crime"
1917,Sam Mendes,"Dean-Charles Chapman, George MacKay, Daniel Mays","April 6th, 1917. As an infantry battalion assembles to wage war deep in enemy territory, two soldiers are assigned to race against time and deliver a message that will stop 1,600 men from walking straight into a deadly trap.","Action, Drama, History"
L.A. Confidential,Curtis Hanson,"Kevin Spacey, Russell Crowe, Guy Pearce","As corruption grows in 1950s Los Angeles, three policemen - one strait-laced, one brutal, and one sleazy - investigate a series of murders with their own brand of justice.","Crime, Drama, Mystery"
Ladri di biciclette,Vittorio De Sica,"Cesare Zavattini, Luigi Bartolini, Oreste Biancoli","In post-war Italy, a working-class man&apos;s bicycle is stolen, endangering his efforts to find work. He and his son set out to find it.",Drama
Hamilton,Thomas Kail,"Lin-Manuel Miranda, Phillipa Soo, Leslie Odom Jr.","The real life of one of America&apos;s foremost founding fathers and first Secretary of the Treasury, Alexander Hamilton. Captured live on Broadway from the Richard Rodgers Theater with the original Broadway cast.","Biography, Drama, History"
Der Untergang,Oliver Hirschbiegel,"Bernd Eichinger, Joachim Fest, Traudl Junge","Traudl Junge, the final secretary for Adolf Hitler, tells of the Nazi dictator&apos;s final days in his Berlin bunker at the end of WWII.","Biography, Drama, History"
Taxi Driver,Martin Scorsese,"Robert De Niro, Jodie Foster, Cybill Shepherd","A mentally unstable veteran works as a nighttime taxi driver in New York City, where the perceived decadence and sleaze fuels his urge for violent action.","Crime, Drama"
Dangal,Nitesh Tiwari,"Piyush Gupta, Shreyas Jain, Nikhil Mehrotra","Mahavir Singh Phogat, a former wrestler, decides to fulfill his dream of winning a gold medal for his country by training his daughters for the Commonwealth Games despite the existing social stigmas.","Action, Biography, Drama"
Batman Begins,Christopher Nolan,"Bob Kane, David S. Goyer, Christopher Nolan","After witnessing his parents&apos; death, Bruce learns the art of fighting to confront injustice. When he returns to Gotham as Batman, he must stop a secret society that intends to destroy the city.","Action, Crime, Drama"
The Wolf of Wall Street,Martin Scorsese,"Leonardo DiCaprio, Jonah Hill, Margot Robbie","Based on the true story of Jordan Belfort, from his rise to a wealthy stock-broker living the high life to his fall involving crime, corruption and the federal government.","Biography, Comedy, Crime"
Per qualche dollaro in più,Sergio Leone,"Sergio Leone, Fulvio Morsella, Luciano Vincenzoni",Two bounty killers with similar intentions but different motivations team up to track down a psychotic Mexican outlaw before he and his gang can carry out an audacious bank robbery.,"Drama, Western"
Green Book,Peter Farrelly,"Viggo Mortensen, Mahershala Ali, Linda Cardellini",A working-class Italian-American bouncer becomes the driver for an African-American classical pianist on a tour of venues through the 1960s American South.,"Biography, Comedy, Drama"
Some Like It Hot,Billy Wilder,"Billy Wilder, I.A.L. Diamond, Robert Thoeren","After two male musicians witness a mob hit, they flee the state in an all-female band disguised as women, but further complications set in.","Comedy, Music, Romance"
The Truman Show,Peter Weir,"Jim Carrey, Ed Harris, Laura Linney",An insurance salesman discovers his whole life is actually a reality TV show.,"Comedy, Drama"
Judgment at Nuremberg,Stanley Kramer,"Abby Mann, Montgomery Clift, Charles Dorat","Fictionalized depiction of the 1947 Judges&apos; Trial, the third of twelve trials of Nazi war criminals conducted by the American occupying forces in Nuremberg, Germany, in which former judges of Nazi Germany were tried for their acti...","Drama, War"
The Kid,Charles Chaplin,"Charles Chaplin, Edna Purviance, Jackie Coogan","The Tramp cares for an abandoned child, but events put their relationship in jeopardy.","Comedy, Drama, Family"
The Father,Florian Zeller,"Christopher Hampton, Florian Zeller","A man refuses all assistance from his daughter as he ages. As he tries to make sense of his changing circumstances, he begins to doubt his loved ones, his own mind and even the fabric of his reality.","Drama, Mystery"
All About Eve,Joseph L. Mankiewicz,"Bette Davis, Anne Baxter, George Sanders",Seemingly timid but secretly ruthless ingenue Eve Harrington insinuates herself into the lives of aging Broadway star Margo Channing and her circle of theater friends in this Oscar-winning story.,Drama
Shutter Island,Martin Scorsese,"Leonardo DiCaprio, Emily Mortimer, Mark Ruffalo","Teddy Daniels and Chuck Aule, two US marshals, are sent to an asylum on a remote island in order to investigate the disappearance of a patient, where Teddy uncovers a shocking truth about the place.","Drama, Mystery, Thriller"
There Will Be Blood,Paul Thomas Anderson,"Daniel Day-Lewis, Paul Dano, Ciarán Hinds","A story of family, religion, hatred, oil and madness, focusing on a turn-of-the-century prospector in the early days of the business.",Drama
Jurassic Park,Steven Spielberg,"Michael Crichton, David Koepp","An industrialist invites some experts to visit his theme park of cloned dinosaurs. After a power failure, the creatures run loose, putting everyone&apos;s lives, including his grandchildren&apos;s, in danger.","Action, Adventure, Sci-Fi"
Casino,Martin Scorsese,"Nicholas Pileggi, Martin Scorsese","In Las Vegas, two best friends - a casino executive and a mafia enforcer - compete for a gambling empire and a fast-living, fast-loving socialite.","Crime, Drama"
Top Gun: Maverick,Joseph Kosinski,"Jim Cash, Jack Epps Jr., Peter Craig","The story involves Maverick confronting his past while training a group of younger Top Gun graduates, including the son of his deceased best friend, for a dangerous mission.","Action, Drama"
The Sixth Sense,M. Night Shyamalan,"Bruce Willis, Haley Joel Osment, Toni Collette",A child psychologist starts treating a young boy with a disturbing secret.,"Drama, Mystery, Thriller"
Ran,Akira Kurosawa,"Akira Kurosawa, Hideo Oguni, Masato Ide","In Medieval Japan, an elderly warlord retires, handing over his empire to his three sons. However, he vastly underestimates how the new-found power will corrupt them and cause them to turn on each other...and him.","Action, Drama, War"
El laberinto del fauno,Guillermo del Toro,"Ivana Baquero, Ariadna Gil, Sergi López","In the Falangist Spain of 1944, the bookish young stepdaughter of a sadistic army officer escapes into an eerie but captivating fantasy world.","Drama, Fantasy, War"
Unforgiven,Clint Eastwood,"Clint Eastwood, Gene Hackman, Morgan Freeman",Retired Old West gunslinger Will Munny reluctantly takes on one last job to avenge an injustice with the help of his old partner and a newer outlaw known simply as The Schofield Kid.,"Drama, Western"
No Country for Old Men,Ethan Coen,"Tommy Lee Jones, Javier Bardem, Josh Brolin",Violence and mayhem ensue after a hunter stumbles upon the aftermath of a drug deal gone wrong and over two million dollars in cash near the Rio Grande.,"Crime, Drama, Thriller"
The Thing,John Carpenter,"Kurt Russell, Wilford Brimley, Keith David",A research team in Antarctica is hunted by a shape-shifting alien that assumes the appearance of its victims.,"Horror, Mystery, Sci-Fi"
A Beautiful Mind,Ron Howard,"Russell Crowe, Ed Harris, Jennifer Connelly","A mathematical genius, John Nash made an astonishing discovery early in his career and stood on the brink of international acclaim. But the handsome and arrogant Nash soon found himself on a harrowing journey of self-discovery.","Biography, Drama, Mystery"
Kill Bill: Vol. 1,Quentin Tarantino,"Quentin Tarantino, Uma Thurman","After waking from a 4-year coma, a former assassin wreaks vengeance on the team of assassins who betrayed her.","Action, Crime, Thriller"
The Treasure of the Sierra Madre,John Huston,"Humphrey Bogart, Walter Huston, Tim Holt",Two down-on-their-luck Americans searching for work in 1920s Mexico convince an old prospector to help them mine for gold in the Sierra Madre Mountains.,"Adventure, Drama, Western"
Yôjinbô,Akira Kurosawa,"Akira Kurosawa, Ryûzô Kikushima",A crafty ronin comes to a town divided by two criminal gangs and decides to play them against each other to free the town.,"Action, Drama, Thriller"
The Great Escape,John Sturges,"Steve McQueen, James Garner, Richard Attenborough",Allied prisoners of war plan for several hundred of their men to escape from a German camp during World War II.,"Adventure, Drama, Thriller"
Monty Python and the Holy Grail,Terry Gilliam,"Graham Chapman, John Cleese, Eric Idle","King Arthur and his Knights of the Round Table embark on a surreal, low-budget search for the Holy Grail, encountering many, very silly obstacles.","Adventure, Comedy, Fantasy"
Finding Nemo,Andrew Stanton,"Andrew Stanton, Bob Peterson, David Reynolds","After his son is captured in the Great Barrier Reef and taken to Sydney, a timid clownfish sets out on a journey to bring him home.","Animation, Adventure, Comedy"
Prisoners,Denis Villeneuve,"Hugh Jackman, Jake Gyllenhaal, Viola Davis","Keller Dover is facing every parent&apos;s worst nightmare. His six-year-old daughter, Anna, is missing, together with her friend, Joy, and as minutes turn to hours, panic sets in. The only lead is an RV that had been parked on their s...","Crime, Drama, Mystery"
Hauru no ugoku shiro,Hayao Miyazaki,"Chieko Baishô, Takuya Kimura, Tatsuya Gashûin","When an unconfident young woman is cursed with an old body by a spiteful witch, her only chance of breaking the spell lies with a self-indulgent yet insecure young wizard and his companions in his legged, walking castle.","Animation, Adventure, Family"
The Elephant Man,David Lynch,"Christopher De Vore, Eric Bergren, David Lynch","A Victorian surgeon rescues a heavily disfigured man who is mistreated while scraping a living as a side-show freak. Behind his monstrous façade, there is revealed a person of kindness, intelligence and sophistication.","Biography, Drama"
Rashômon,Akira Kurosawa,"Toshirô Mifune, Machiko Kyô, Masayuki Mori","The rape of a bride and the murder of her samurai husband are recalled from the perspectives of a bandit, the bride, the samurai&apos;s ghost and a woodcutter.","Crime, Drama, Mystery"
Dial M for Murder,Alfred Hitchcock,"Frederick Knott, Charles Dorat",A former tennis star arranges the murder of his adulterous wife.,"Crime, Thriller"
Chinatown,Roman Polanski,"Jack Nicholson, Faye Dunaway, John Huston","A private detective hired to expose an adulterer in 1930s Los Angeles finds himself caught up in a web of deceit, corruption, and murder.","Drama, Mystery, Thriller"
Gone with the Wind,Victor Fleming,"Margaret Mitchell, Sidney Howard, Oliver H.P. Garrett",A sheltered and manipulative Southern belle and a roguish profiteer face off in a turbulent romance as the society around them crumbles with the end of slavery and is rebuilt during the Civil War and Reconstruction periods.,"Drama, Romance, War"
El secreto de sus ojos,Juan José Campanella,"Eduardo Sacheri, Juan José Campanella",A retired legal counselor writes a novel hoping to find closure for one of his past unresolved homicide cases and for his unreciprocated love with his superior - both of which still haunt him decades later.,"Drama, Mystery, Romance"
"Lock, Stock and Two Smoking Barrels",Guy Ritchie,"Jason Flemyng, Dexter Fletcher, Nick Moran","Eddy persuades his three pals to pool money for a vital poker game against a powerful local mobster, Hatchet Harry. Eddy loses, after which Harry gives him a week to pay back 500,000 pounds.","Action, Comedy, Crime"
Inside Out,Pete Docter,"Pete Docter, Ronnie Del Carmen, Meg LeFauve","After young Riley is uprooted from her Midwest life and moved to San Francisco, her emotions - Joy, Fear, Anger, Disgust and Sadness - conflict on how best to navigate a new city, house, and school.","Animation, Adventure, Comedy"
V for Vendetta,James McTeigue,"Hugo Weaving, Natalie Portman, Rupert Graves","In a future British dystopian society, a shadowy freedom fighter, known only by the alias of &quot;V&quot;, plots to overthrow the tyrannical government - with the help of a young woman.","Action, Drama, Sci-Fi"
"Three Billboards Outside Ebbing, Missouri",Martin McDonagh,"Frances McDormand, Woody Harrelson, Sam Rockwell",A mother personally challenges the local authorities to solve her daughter&apos;s murder when they fail to catch the culprit.,"Comedy, Crime, Drama"
Raging Bull,Martin Scorsese,"Jake LaMotta, Joseph Carter, Peter Savage","The life of boxer Jake LaMotta, whose violence and temper that led him to the top in the ring destroyed his life outside of it.","Biography, Drama, Sport"
Trainspotting,Danny Boyle,"Ewan McGregor, Ewen Bremner, Jonny Lee Miller","Renton, deeply immersed in the Edinburgh drug scene, tries to clean up and get out despite the allure of drugs and the influence of friends.",Drama
The Bridge on the River Kwai,David Lean,"William Holden, Alec Guinness, Jack Hawkins","British POWs are forced to build a railway bridge across the river Kwai for their Japanese captors in occupied Burma, not knowing that the allied forces are planning a daring commando raid through the jungle to destroy it.","Adventure, Drama, War"
Klaus,Sergio Pablos,"Sergio Pablos, Jim Mahoney, Zach Lewis","A simple act of kindness always sparks another, even in a frozen, faraway place. When Smeerensburg&apos;s new postman, Jesper, befriends toymaker Klaus, their gifts melt an age-old feud and deliver a sleigh full of holiday traditions.","Animation, Adventure, Comedy"
Catch Me If You Can,Steven Spielberg,"Leonardo DiCaprio, Tom Hanks, Christopher Walken","Barely 17 yet, Frank is a skilled forger who has passed as a doctor, lawyer and pilot. FBI agent Carl becomes obsessed with tracking down the con man, who only revels in the pursuit.","Biography, Crime, Drama"
Fargo,Joel Coen,"William H. Macy, Frances McDormand, Steve Buscemi",Minnesota car salesman Jerry Lundegaard&apos;s inept crime falls apart due to his and his henchmen&apos;s bungling and the persistent police work of the quite pregnant Marge Gunderson.,"Crime, Thriller"
Warrior,Gavin O'Connor,"Gavin O'Connor, Anthony Tambakis, Cliff Dorfman","The youngest son of an alcoholic former boxer returns home, where he&apos;s trained by his father for competition in a mixed martial arts tournament - a path that puts the fighter on a collision course with his estranged, older brother.","Action, Drama, Sport"
Spider-Man: No Way Home,Jon Watts,"Chris McKenna, Erik Sommers, Stan Lee","With Spider-Man&apos;s identity now revealed, Peter asks Doctor Strange for help. When a spell goes wrong, dangerous foes from other worlds start to appear.","Action, Adventure, Fantasy"
Gran Torino,Clint Eastwood,"Nick Schenk, Dave Johannson","After a Hmong teenager tries to steal his prized 1972 Gran Torino, a disgruntled, prejudiced Korean War veteran seeks to redeem both the boy and himself.",Drama
Harry Potter and the Deathly Hallows - Part 2,David Yates,"Daniel Radcliffe, Emma Watson, Rupert Grint","Harry, Ron, and Hermione search for Voldemort&apos;s remaining Horcruxes in their effort to destroy the Dark Lord as the final battle rages on at Hogwarts.","Adventure, Family, Fantasy"
Million Dollar Baby,Clint Eastwood,"Hilary Swank, Clint Eastwood, Morgan Freeman","Frankie, an ill-tempered old coach, reluctantly agrees to train aspiring boxer Maggie. Impressed with her determination and talent, he helps her become the best and the two soon form a close bond.","Drama, Sport"
Tonari no Totoro,Hayao Miyazaki,Hayao Miyazaki,"When two girls move to the country to be near their ailing mother, they have adventures with the wondrous forest spirits who live nearby.","Animation, Comedy, Family"
Mad Max: Fury Road,George Miller,"Tom Hardy, Charlize Theron, Nicholas Hoult","In a post-apocalyptic wasteland, a woman rebels against a tyrannical ruler in search for her homeland with the aid of a group of female prisoners, a psychotic worshipper and a drifter named Max.","Action, Adventure, Sci-Fi"
Bacheha-ye aseman,Majid Majidi,"Mohammad Amir Naji, Amir Farrokh Hashemian, Bahare Seddiqi","After a boy loses his sister&apos;s pair of shoes, he goes on a series of adventures in order to find them. When he can&apos;t, he tries a new way to &quot;win&quot; a new pair.","Drama, Family, Sport"
Ben-Hur,William Wyler,"Lew Wallace, Karl Tunberg, Gore Vidal","A Jewish prince is betrayed and sent into slavery by a Roman friend in 1st-century Jerusalem, but it&apos;s not long before he regains his freedom and comes back for revenge.","Adventure, Drama"
12 Years a Slave,Steve McQueen,"Chiwetel Ejiofor, Michael Kenneth Williams, Michael Fassbender","In the antebellum United States, Solomon Northup, a free black man from upstate New York, is abducted and sold into slavery.","Biography, Drama, History"
Barry Lyndon,Stanley Kubrick,"Ryan O'Neal, Marisa Berenson, Patrick Magee",An Irish rogue wins the heart of a rich widow and assumes her dead husband&apos;s aristocratic position in 18th-century England.,"Adventure, Drama, War"
Before Sunrise,Richard Linklater,"Ethan Hawke, Julie Delpy, Andrea Eckert","A young man and woman meet on a train in Europe, and wind up spending one evening together in Vienna. Unfortunately, both know that this will probably be their only night together.","Drama, Romance"
Blade Runner,Ridley Scott,"Harrison Ford, Rutger Hauer, Sean Young",A blade runner must pursue and terminate four replicants who stole a ship in space and have returned to Earth to find their creator.,"Action, Drama, Sci-Fi"
The Grand Budapest Hotel,Wes Anderson,"Stefan Zweig, Wes Anderson, Hugo Guinness","A writer encounters the owner of an aging high-class hotel, who tells him of his early years serving as a lobby boy in the hotel&apos;s glorious years under an exceptional concierge.","Adventure, Comedy, Crime"
Hacksaw Ridge,Mel Gibson,"Andrew Garfield, Sam Worthington, Luke Bracey","World War II American Army Medic Desmond T. Doss, serving during the Battle of Okinawa, refuses to kill people and becomes the first man in American history to receive the Medal of Honor without firing a shot.","Biography, Drama, History"
Gone Girl,David Fincher,Gillian Flynn,"With his wife&apos;s disappearance having become the focus of an intense media circus, a man sees the spotlight turned on him when it&apos;s suspected that he may not be innocent.","Drama, Mystery, Thriller"
Dead Poets Society,Peter Weir,"Robin Williams, Robert Sean Leonard, Ethan Hawke","Maverick teacher John Keating returns in 1959 to the prestigious New England boys&apos; boarding school where he was once a star student, using poetry to embolden his pupils to new heights of self-expression.","Comedy, Drama"
Maharaja,Nithilan Saminathan,"Vijay Sethupathi, Anurag Kashyap, Mamta Mohandas","A barber seeks vengeance after his home is burglarized, cryptically telling police his &quot;lakshmi&quot; has been taken, leaving them uncertain if it&apos;s a person or object. His quest to recover the elusive &quot;lakshmi&quot; unfolds.","Action, Crime, Drama"
Salinui chueok,Bong Joon Ho,"Song Kang-ho, Kim Sang-kyung, Kim Roe-ha","In a small Korean province in 1986, two detectives struggle with the case of multiple young women being found raped and murdered by an unknown culprit.","Crime, Drama, Mystery"
In the Name of the Father,Jim Sheridan,"Daniel Day-Lewis, Pete Postlethwaite, Alison Crosbie","An Irish man&apos;s coerced confession to an I.R.A. bombing he did not commit results in the imprisonment of his father as well. Meanwhile, a British lawyer fights to clear their names and free them.","Biography, Crime, Drama"
The Gold Rush,Charles Chaplin,"Charles Chaplin, Mack Swain, Tom Murray","A prospector goes to the Klondike during the 1890s gold rush in hopes of making his fortune, and is smitten with a girl he sees in a dance hall.","Adventure, Comedy, Drama"
"Monsters, Inc.",Pete Docter,"Pete Docter, Jill Culton, Jeff Pidgeon","In order to power the city, monsters have to scare children so that they scream. However, the children are toxic to the monsters, and after a child gets through, two monsters realize things may not be what they think.","Animation, Adventure, Comedy"
Relatos salvajes,Damián Szifron,"Darío Grandinetti, María Marull, Mónica Villa",Six short stories that explore the extremities of human behavior involving people in distress.,"Comedy, Drama, Thriller"
The Deer Hunter,Michael Cimino,"Michael Cimino, Deric Washburn, Louis Garfinkle",An in-depth examination of the ways in which the Vietnam War impacts and disrupts the lives of several friends in a small steel mill town in Pennsylvania.,"Drama, War"
Ratatouille,Brad Bird,"Brad Bird, Jan Pinkava, Jim Capobianco",A rat who can cook makes an unusual alliance with a young kitchen worker at a famous Paris restaurant.,"Animation, Adventure, Comedy"
Sherlock Jr.,Buster Keaton,"Buster Keaton, Kathryn McGuire, Joe Keaton","A film projectionist longs to be a detective, and puts his meagre skills to work when he is framed by a rival for stealing his girlfriend&apos;s father&apos;s pocketwatch.","Action, Comedy, Romance"
The General,Clyde Bruckman,"Buster Keaton, Clyde Bruckman, Al Boasberg","After being rejected by the Confederate military, not realizing it was due to his crucial civilian role, an engineer must single-handedly recapture his beloved locomotive after it is seized by Union spies and return it through ene...","Action, Adventure, Comedy"
Jaws,Steven Spielberg,"Peter Benchley, Carl Gottlieb","When a massive killer shark unleashes chaos on a beach community off Long Island, it&apos;s up to a local sheriff, a marine biologist, and an old seafarer to hunt the beast down.","Adventure, Drama, Thriller"
How to Train Your Dragon,Dean DeBlois,"William Davies, Dean DeBlois, Chris Sanders","A hapless young Viking who aspires to hunt dragons becomes the unlikely friend of a young dragon himself, and learns there may be more to the creatures than he assumed.","Animation, Action, Adventure"
On the Waterfront,Elia Kazan,"Budd Schulberg, Malcolm Johnson, Robert Siodmak","An ex-prize fighter turned New Jersey longshoreman struggles to stand up to his corrupt union bosses, including his older brother, as he starts to connect with the grieving sister of one of the syndicate&apos;s victims.","Crime, Drama, Thriller"
Mary and Max.,Adam Elliot,"Toni Collette, Philip Seymour Hoffman, Eric Bana","In 1976 Melbourne, a lonely 8-year-old girl strikes up a correspondence with an unlikely pen pal: a severely obese 44-year-old New Yorker with Asperger&apos;s syndrome.","Animation, Comedy, Drama"
Le salaire de la peur,Henri-Georges Clouzot,"Yves Montand, Charles Vanel, Peter van Eyck","In a decrepit South American village, four men are hired to transport an urgent nitroglycerine shipment without the equipment that would make it safe.","Adventure, Drama, Thriller"
Ford v Ferrari,James Mangold,"Matt Damon, Christian Bale, Jon Bernthal",American car designer Carroll Shelby and driver Ken Miles battle corporate interference and the laws of physics to build a revolutionary race car for Ford in order to defeat Ferrari at the 24 Hours of Le Mans in 1966.,"Action, Biography, Drama"
Smultronstället,Ingmar Bergman,"Victor Sjöström, Bibi Andersson, Ingrid Thulin","After living a life marked by coldness, an aging professor is forced to confront the emptiness of his existence.","Drama, Romance"
Mr. Smith Goes to Washington,Frank Capra,"James Stewart, Jean Arthur, Claude Rains","A naive youth leader is appointed to fill a vacancy in the U.S. Senate. His idealistic plans promptly collide with corruption at home and subterfuge from his hero in Washington, but he tries to forge ahead despite attacks on his c...","Comedy, Drama"
The Third Man,Carol Reed,"Graham Greene, Orson Welles, Alexander Korda","Pulp novelist Holly Martins travels to shadowy, postwar Vienna, only to find himself investigating the mysterious death of an old friend, Harry Lime.","Film-Noir, Mystery, Thriller"
Logan,James Mangold,"James Mangold, Scott Frank, Michael Green","In a future where mutants are nearly extinct, an elderly and weary Logan leads a quiet life. But when Laura, a mutant child pursued by scientists, comes to him for help, he must get her to safety.","Action, Drama, Sci-Fi"
Rocky,John G. Avildsen,"Sylvester Stallone, Talia Shire, Burt Young",A small-time Philadelphia boxer gets a supremely rare chance to fight the world heavyweight champion in a bout in which he strives to go the distance for his self-respect.,"Drama, Sport"
Tôkyô monogatari,Yasujirô Ozu,"Chishû Ryû, Chieko Higashiyama, Sô Yamamura","An old couple visit their children and grandchildren in the city, but receive little attention.",Drama
The Big Lebowski,Joel Coen,"Jeff Bridges, John Goodman, Julianne Moore","Jeff &quot;The Dude&quot; Lebowski, mistaken for a millionaire of the same name, seeks restitution for his ruined rug and enlists his bowling buddies to help get it.","Comedy, Crime"
Det sjunde inseglet,Ingmar Bergman,Ingmar Bergman,"A knight returning to Sweden after the Crusades seeks answers about life, death, and the existence of God as he plays chess against the Grim Reaper during the Black Plague.","Drama, Fantasy"
Room,Lenny Abrahamson,Emma Donoghue,"A little boy is held captive in a room with his mother since his birth, so he has never known the world outside.","Drama, Thriller"
Spotlight,Tom McCarthy,"Mark Ruffalo, Michael Keaton, Rachel McAdams","The true story of how the Boston Globe uncovered the massive scandal of child molestation and cover-up within the local Catholic Archdiocese, shaking the entire Catholic Church to its core.","Biography, Crime, Drama"
The Terminator,James Cameron,"Arnold Schwarzenegger, Linda Hamilton, Michael Biehn","A cyborg assassin from the future attempts to find and kill Sarah Connor, a waitress who is destined to give birth to a man who will save humankind from extinction.","Action, Adventure, Sci-Fi"
Hotel Rwanda,Terry George,"Don Cheadle, Sophie Okonedo, Joaquin Phoenix","Paul Rusesabagina, a hotel manager, houses over a thousand Tutsi refugees during their struggle against the Hutu militia in Rwanda, Africa.","Biography, Drama, History"
Platoon,Oliver Stone,"Charlie Sheen, Tom Berenger, Willem Dafoe","Chris Taylor, a neophyte recruit in Vietnam, finds himself caught in a battle of wills between two sergeants, one good and the other evil. A shrewd examination of the brutality of war and the duality of man in conflict.","Drama, War"
Pirates of the Caribbean: The Curse of the Black Pearl,Gore Verbinski,"Ted Elliott, Terry Rossio, Stuart Beattie","Blacksmith Will Turner teams up with eccentric pirate &quot;Captain&quot; Jack Sparrow to save Elizabeth Swann, the governor&apos;s daughter and his love, from Jack&apos;s former pirate allies, who are now undead.","Action, Adventure, Fantasy"
La haine,Mathieu Kassovitz,"Vincent Cassel, Hubert Koundé, Saïd Taghmaoui",24 hours in the lives of three young men in the French suburbs the day after a violent riot.,"Crime, Drama"
Before Sunset,Richard Linklater,"Richard Linklater, Julie Delpy, Ethan Hawke","Nine years after Jesse and Celine first met, they encounter each other again on the French leg of Jesse&apos;s book tour.","Drama, Romance"
Jai Bhim,T.J. Gnanavel,"Suriya, Lijo Mol Jose, Manikandan K.","When a tribal man is arrested for a case of alleged theft, his wife turns to a human-rights lawyer to help bring justice.","Crime, Drama, Mystery"
La passion de Jeanne d&apos;Arc,Carl Theodor Dreyer,"Maria Falconetti, Eugene Silvain, André Berley","In 1431, Jeanne d&apos;Arc is placed on trial on charges of heresy. The ecclesiastical jurists attempt to force Jeanne to recant her claims of holy visions.","Biography, Drama, History"
The Best Years of Our Lives,William Wyler,"Myrna Loy, Dana Andrews, Fredric March","Three World War II veterans, two of them traumatized or disabled, return home to the American midwest to discover that they and their families have been irreparably changed.","Drama, Romance, War"
The Exorcist,William Friedkin,William Peter Blatty,"When a mysterious entity possesses a young girl, her mother seeks the help of two Catholic priests to save her life.",Horror
Rush,Ron Howard,"Daniel Brühl, Chris Hemsworth, Olivia Wilde","James Hunt and Niki Lauda, two extremely skilled Formula One racers, have an intense rivalry with each other. However, it is their enmity that pushes them to their limits.","Action, Biography, Drama"
The Incredibles,Brad Bird,"Craig T. Nelson, Samuel L. Jackson, Holly Hunter","While trying to lead a quiet suburban life, a family of undercover superheroes are forced into action to save the world.","Animation, Action, Adventure"
The Wizard of Oz,Victor Fleming,"Noel Langley, Florence Ryerson, Edgar Allan Woolf","Young Dorothy Gale and her dog Toto are swept away by a tornado from their Kansas farm to the magical Land of Oz and embark on a quest with three new friends to see the Wizard, who can return her to her home and fulfill the others...","Adventure, Family, Fantasy"
Network,Sidney Lumet,"Faye Dunaway, William Holden, Peter Finch","A television network cynically exploits a deranged former anchor&apos;s ravings and revelations about mass media for its own profit, but finds that his message may be difficult to control.",Drama
Stand by Me,Rob Reiner,"Wil Wheaton, River Phoenix, Corey Feldman",A writer recounts a childhood journey with his friends to find the body of a missing boy.,"Adventure, Comedy, Drama"
Hachi: A Dog&apos;s Tale,Lasse Hallström,"Richard Gere, Joan Allen, Cary-Hiroyuki Tagawa","Professor Wilson discovers a lost Akita puppy on his way home. Despite objections from his wife, Hachi endears himself to the family and grows to be Parker&apos;s loyal companion. As their bond grows deeper, a beautiful relationship un...","Biography, Drama, Family"
The Sound of Music,Robert Wise,"Georg Hurdalek, Howard Lindsay, Russel Crouse",A young novice is sent by her convent in 1930s Austria to become a governess to the seven children of a widowed naval officer.,"Biography, Drama, Family"
Babam ve Oglum,Çagan Irmak,"Çetin Tekindor, Fikret Kuskan, Hümeyra",The family of a left-wing journalist is torn apart after the military coup of Turkey in 1980.,"Drama, Family"
Ah-ga-ssi,Park Chan-wook,"Kim Min-hee, Ha Jung-woo, Cho Jin-woong","In 1930s Korea, a girl is hired as a handmaiden to a Japanese heiress who lives a secluded life on a countryside estate. But the maid has a secret: She is a pickpocket recruited by a swindler to help seduce the Lady and steal her ...","Drama, Romance, Thriller"
To Be or Not to Be,Ernst Lubitsch,"Carole Lombard, Jack Benny, Robert Stack","During the German occupation of Poland, an acting troupe becomes embroiled in a Polish soldier&apos;s efforts to track down a German spy.","Comedy, Romance, War"
Into the Wild,Sean Penn,"Emile Hirsch, Vince Vaughn, Catherine Keener","After graduating from Emory University, top student and athlete Christopher McCandless abandons his possessions, gives his entire $24,000 savings account to charity and hitchhikes to Alaska to live in the wilderness.","Adventure, Biography, Drama"
La battaglia di Algeri,Gillo Pontecorvo,"Franco Solinas, Gillo Pontecorvo","In the 1950s, fear and violence escalate as the people of Algiers fight for independence from the French government.","Drama, War"
The Grapes of Wrath,John Ford,"Henry Fonda, Jane Darwell, John Carradine","An Oklahoma family, driven off their farm by the poverty and hopelessness of the Dust Bowl, joins the westward migration to California, suffering the misfortunes of the homeless in the Great Depression.",Drama
Groundhog Day,Harold Ramis,"Danny Rubin, Harold Ramis","A narcissistic, self-centered weatherman finds himself in a time loop on Groundhog Day.","Comedy, Drama, Fantasy"
The Iron Giant,Brad Bird,"Tim McCanlies, Brad Bird, Ted Hughes",A young boy befriends a giant robot from outer space that a paranoid government agent wants to destroy.,"Animation, Action, Adventure"
Amores perros,Alejandro G. Iñárritu,"Emilio Echevarría, Gael García Bernal, Goya Toledo","An amateur dog fighter, a supermodel, and a derelict assassin, all separately struggling to find love, find their lives transformed by a devastating car wreck in Mexico City.","Drama, Thriller"
Rebecca,Alfred Hitchcock,"Daphne Du Maurier, Robert E. Sherwood, Joan Harrison",A self-conscious woman juggles adjusting to her new role as an aristocrat&apos;s wife and avoiding being intimidated by his first wife&apos;s spectral presence.,"Drama, Mystery, Romance"
The Help,Tate Taylor,"Viola Davis, Emma Stone, Octavia Spencer","An aspiring author during the civil rights movement of the 1960s decides to write a book detailing the African American maids&apos; point of view on the white families for which they work, and the hardships they go through on a daily b...",Drama
Cool Hand Luke,Stuart Rosenberg,"Donn Pearce, Frank Pierson, Hal Dresner","A laid-back Southern man is sentenced to two years in a rural prison, but refuses to conform.","Crime, Drama"
It Happened One Night,Frank Capra,"Clark Gable, Claudette Colbert, Walter Connolly",A rogue reporter trailing a runaway heiress for a big story joins her on a bus heading from Florida to New York and they end up stuck with each other when the bus leaves them behind at one of the stops along the way.,"Comedy, Romance"
Gangs of Wasseypur,Anurag Kashyap,"Akhilesh Jaiswal, Anurag Kashyap, Sachin K. Ladia","A clash between Sultan and Shahid Khan leads to the expulsion of Khan from Wasseypur, and ignites a deadly blood feud spanning three generations.","Action, Comedy, Crime"
Drishyam,Nishikant Kamat,"Ajay Devgn, Shriya Saran, Tabu","Desperate measures are taken by a man who tries to save his family from the dark side of the law, after they commit an unexpected crime.","Crime, Drama, Mystery"
"Paris, Texas",Wim Wenders,"Harry Dean Stanton, Nastassja Kinski, Dean Stockwell","Travis Henderson, an aimless drifter who has been missing for four years, wanders out of the desert and must reconnect with society, himself, his life, and his family.",Drama
